participant_ID,Release
sub-NDARZH011UL,other
sub-NDARAB282FDJ,other
sub-NDARAC495TJ2,other
sub-NDARAC611UXE,other
sub-NDARAC973ENV,other
sub-NDARAD653RYE,other
sub-NDARAD703XA2,other
sub-NDARAE006ZG4,other
sub-NDARAE839XXL,other
sub-NDARAE854KGZ,other
sub-NDARAEZ493ZJ,other
sub-NDARAF628ND6,other
sub-NDARAG995VT8,other
sub-NDARAH348NH9,other
sub-NDARAH490CYG,other
sub-NDARAJ215ZRZ,other
sub-NDARAJ768CF0,other
sub-NDARAJ843TFH,other
sub-NDARAK187ZLP,other
sub-NDARAK476AMM,other
sub-NDARAK599AXZ,other
sub-NDARAL235YCN,other
sub-NDARAM357BUA,other
sub-NDARAM696ETT,other
sub-NDARAN525BVK,other
sub-NDARAP235CFG,other
sub-NDARAR630RFB,other
sub-NDARAT287CJE,other
sub-NDARAT607VAC,other
sub-NDARAT647WH9,other
sub-NDARAT982JTU,other
sub-NDARAU422PRL,other
sub-NDARAU530GLJ,other
sub-NDARAU840EUZ,other
sub-NDARAV189JGX,other
sub-NDARAV554TP2,other
sub-NDARAV595DUA,other
sub-NDARAW179AYF,other
sub-NDARAW247CCF,other
sub-NDARAW558WUT,other
sub-NDARAW909KL9,other
sub-NDARAX431KJ2,other
sub-NDARAY665GWN,other
sub-NDARAZ365JGG,other
sub-NDARAZ407PH7,other
sub-NDARAZ681CYF,other
sub-NDARAZ885REB,other
sub-NDARBA043HV0,other
sub-NDARBA755WPK,other
sub-NDARBD197VAL,other
sub-NDARBD582TDT,other
sub-NDARBD682DXF,other
sub-NDARBE287EFC,other
sub-NDARBF389RLF,other
sub-NDARBF998MBA,other
sub-NDARBG026RZ5,other
sub-NDARBG194CY2,other
sub-NDARBG819PT9,other
sub-NDARBK032VNE,other
sub-NDARBK130ATM,other
sub-NDARBK874PDY,other
sub-NDARBL532FPT,other
sub-NDARBL576CMP,other
sub-NDARBM490LK7,other
sub-NDARBM719BG9,other
sub-NDARBM764KG0,other
sub-NDARBM889BVZ,other
sub-NDARBP051LZ3,other
sub-NDARBP527JWC,other
sub-NDARBR963KN1,other
sub-NDARBT641ZDE,other
sub-NDARBT876AU5,other
sub-NDARBU488ZF8,other
sub-NDARBV302JXD,other
sub-NDARBV663TRE,other
sub-NDARBW262RV7,other
sub-NDARBW449DGL,other
sub-NDARBW706DML,other
sub-NDARBX443ZLU,other
sub-NDARBX711DYN,other
sub-NDARBY262CRW,other
sub-NDARBY580KBW,other
sub-NDARBY936ZRP,other
sub-NDARBZ149ELP,other
sub-NDARBZ216FW8,other
sub-NDARBZ347HCC,other
sub-NDARBZ547MHR,other
sub-NDARBZ778WMR,other
sub-NDARBZ829MWJ,other
sub-NDARBZ925XHL,other
sub-NDARCA146GG1,other
sub-NDARCA214DMT,other
sub-NDARCB492BAD,other
sub-NDARCB959FYA,other
sub-NDARCC340ER5,other
sub-NDARCC562PUB,other
sub-NDARCD687JUZ,other
sub-NDARCE405PKT,other
sub-NDARCE826DYW,other
sub-NDARCF012DFG,other
sub-NDARCF107MGG,other
sub-NDARCG071WWQ,other
sub-NDARCG073G26,other
sub-NDARCG258NEF,other
sub-NDARCG425PC3,other
sub-NDARCG719GW7,other
sub-NDARCG831KUG,other
sub-NDARCH434UDM,other
sub-NDARCH795JD4,other
sub-NDARCH838TY6,other
sub-NDARCJ246FJB,other
sub-NDARCJ631JFH,other
sub-NDARCJ686UR1,other
sub-NDARCJ963ZBP,other
sub-NDARCL215KBR,other
sub-NDARCL590LPD,other
sub-NDARCL851EFT,other
sub-NDARCN084DTE,other
sub-NDARCN266WXV,other
sub-NDARCN781JVR,other
sub-NDARCN819YW3,other
sub-NDARCR072EMQ,other
sub-NDARCR298BB9,other
sub-NDARCR460DBY,other
sub-NDARCR576EV1,other
sub-NDARCT420MW1,other
sub-NDARCV154DB9,other
sub-NDARCV570NVN,other
sub-NDARCV586KTT,other
sub-NDARCW006CZN,other
sub-NDARCW404UTW,other
sub-NDARCY741VVX,other
sub-NDARDA516MNY,other
sub-NDARDA695XTL,other
sub-NDARDA984TMH,other
sub-NDARDB161LU6,other
sub-NDARDB720VEA,other
sub-NDARDC559TH1,other
sub-NDARDC665WJQ,other
sub-NDARDC816DE2,other
sub-NDARDC923RM4,other
sub-NDARDD090JZ6,other
sub-NDARDE378LV6,other
sub-NDARDE681UEX,other
sub-NDARDG421RXF,other
sub-NDARDG578EFH,other
sub-NDARDJ425PXJ,other
sub-NDARDK026WKH,other
sub-NDARDK952ALH,other
sub-NDARDL317KZJ,other
sub-NDARDM156AVJ,other
sub-NDARDM449GLR,other
sub-NDARDM756PPD,other
sub-NDARDM826TAU,other
sub-NDARDM942CYM,other
sub-NDARDN089RX5,other
sub-NDARDN229AKK,other
sub-NDARDP240ALU,other
sub-NDARDP495PY2,other
sub-NDARDP544RXA,other
sub-NDARDP571NTP,other
sub-NDARDP938NCT,other
sub-NDARDR236FWH,other
sub-NDARDR304WZQ,other
sub-NDARDR406DZ7,other
sub-NDARDR634CNW,other
sub-NDARDR658DRA,other
sub-NDARDT550XYX,other
sub-NDARDU925YNN,other
sub-NDARDX448UMJ,other
sub-NDARDX556YVY,other
sub-NDARDX581FCD,other
sub-NDARDX910VTC,other
sub-NDARDY785MR4,other
sub-NDARDZ001YPD,other
sub-NDARDZ188PVQ,other
sub-NDARDZ295LG8,other
 sub-NDARDZ322ZFC.tar.g,other
sub-NDAREA161NMR,other
sub-NDAREB093GH6,other
sub-NDAREB796FKV,other
sub-NDAREC238AY4,other
sub-NDAREC267CRM,other
sub-NDAREC486ZPV,other
sub-NDAREC777ADZ,other
sub-NDAREC824WEP,other
sub-NDAREC917PX7,other
sub-NDARED945TNQ,other
sub-NDAREE015WGU,other
sub-NDAREE177WUM,other
sub-NDAREF060BUR,other
sub-NDAREF164ZVJ,other
sub-NDAREF662XZT,other
sub-NDAREG104JB1,other
sub-NDAREG770DKP,other
sub-NDAREJ110ELY,other
sub-NDAREJ309NL8,other
sub-NDAREJ327AH7,other
sub-NDAREJ780VC0,other
sub-NDAREJ823YEL,other
sub-NDAREJ923FZU,other
sub-NDAREL751LME,other
sub-NDAREM565ADW,other
sub-NDAREN352YZQ,other
sub-NDAREP577WM3,other
sub-NDAREP918DAP,other
sub-NDARER318CE4,other
sub-NDARER581GP0,other
sub-NDARER805TNZ,other
sub-NDARER964BTR,other
sub-NDARET228VR5,other
sub-NDAREW193UFT,other
sub-NDAREW531JV9,other
sub-NDAREW598BDB,other
sub-NDAREY201GWQ,other
sub-NDAREZ060XH6,other
sub-NDAREZ100VPB,other
sub-NDAREZ538PHY,other
sub-NDAREZ642DWC,other
sub-NDAREZ900NA6,other
sub-NDARFB030WPY,other
sub-NDARFB268MB9,other
sub-NDARFB400WNC,other
sub-NDARFB451JCB,other
sub-NDARFB528UVB,other
sub-NDARFB718YEJ,other
sub-NDARFB743PDN,other
sub-NDARFB827ETL,other
sub-NDARFC051FVC,other
sub-NDARFC058FU4,other
sub-NDARFC233RND,other
sub-NDARFC286KV1,other
sub-NDARFC533RX0,other
sub-NDARFD025ZGR,other
sub-NDARFD218LCZ,other
sub-NDARFD620BUW,other
sub-NDARFE372VHL,other
sub-NDARFF502FWM,other
sub-NDARFF598HGT,other
sub-NDARFG364YMG,other
sub-NDARFJ280RT3,other
sub-NDARFJ651RMJ,other
sub-NDARFK180NR5,other
sub-NDARFM327MGW,other
sub-NDARFM800UL1,other
sub-NDARFN774LG4,other
sub-NDARFN854EJB,other
sub-NDARFP148YDU,other
sub-NDARFP976GXX,other
sub-NDARFR426KVH,other
sub-NDARFR696PLG,other
sub-NDARFU039KCA,other
sub-NDARFU218HYM,other
sub-NDARFV058BWM,other
sub-NDARFV320LAN,other
sub-NDARFV535FV9,other
sub-NDARFV685ZT2,other
sub-NDARFV686LHH,other
sub-NDARFV973BE1,other
sub-NDARFW253GZM,other
sub-NDARFW670TY2,other
sub-NDARFX508WPN,other
sub-NDARFY407UK9,other
sub-NDARFY491PRK,other
sub-NDARFY629NX1,other
sub-NDARFZ698MJL,other
sub-NDARGA237ZFF,other
sub-NDARGA346NA7,other
sub-NDARGA921UHR,other
sub-NDARGB015CT3,other
sub-NDARGB142VU2,other
sub-NDARGB528CP8,other
sub-NDARGC099LDZ,other
sub-NDARGC148JBJ,other
sub-NDARGC204PGK,other
sub-NDARGC471KD1,other
sub-NDARGC958RUZ,other
sub-NDARGD229DCJ,other
sub-NDARGD593RZN,other
sub-NDARGF867ZV8,other
sub-NDARGG003JE1,other
sub-NDARGG442NML,other
sub-NDARGG844JCJ,other
sub-NDARGJ145ZK8,other
sub-NDARGK254RYE,other
sub-NDARGK618BH6,other
sub-NDARGK943RL3,other
sub-NDARGL201ZZJ,other
sub-NDARGL211HB3,other
sub-NDARGL289TB8,other
sub-NDARGM269AVQ,other
sub-NDARGM673NAG,other
sub-NDARGM945TWM,other
sub-NDARGN782BZN,other
sub-NDARGN852EMG,other
sub-NDARGP528YU2,other
sub-NDARGP623MJ8,other
sub-NDARGR187UY1,other
sub-NDARGR617JAM,other
sub-NDARGT230JB0,other
sub-NDARGT958UVB,other
sub-NDARGU882YPN,other
sub-NDARGW450YUX,other
sub-NDARGX583YNZ,other
sub-NDARGY289GYN,other
sub-NDARGZ059UVR,other
sub-NDARGZ939JYZ,other
sub-NDARHA386CEL,other
sub-NDARHA780UYE,other
sub-NDARHC056JRD,other
sub-NDARHC735FJF,other
sub-NDARHC825ZFZ,other
sub-NDARHC998RFP,other
sub-NDARHD017XEU,other
sub-NDARHD952XHH,other
sub-NDARHE466GNU,other
sub-NDARHG125NEN,other
sub-NDARHG906MEZ,other
sub-NDARHH802DBM,other
sub-NDARHJ095EPP,other
sub-NDARHJ546NDK,other
sub-NDARHJ830RXD,other
sub-NDARHJ954MNR,other
sub-NDARHK506HLW,other
sub-NDARHK843RUL,other
sub-NDARHL992AP2,other
sub-NDARHN607EV2,other
sub-NDARHP417RH8,other
sub-NDARHP656DLC,other
sub-NDARHP895ZWL,other
sub-NDARHT505WX8,other
sub-NDARHT563WND,other
sub-NDARHU018AT3,other
sub-NDARHU676MEP,other
sub-NDARHU936MNP,other
sub-NDARHU954TM0,other
sub-NDARHV259FEP,other
sub-NDARHW467TA8,other
sub-NDARHW480WNG,other
sub-NDARHW815XH0,other
sub-NDARHW968ABB,other
sub-NDARHX354BRG,other
sub-NDARHX418ZGJ,other
sub-NDARHY571VGY,other
sub-NDARHY849ZY1,other
sub-NDARHZ852XY0,other
sub-NDARJ257ZU2_,other
sub-NDARJB142EJ9,other
sub-NDARJB195URQ,other
sub-NDARJC067YMH,other
sub-NDARJC299PRZ,other
sub-NDARJC355HGV,other
sub-NDARJC644YL7,other
sub-NDARJD111BGM,other
sub-NDARJD463HBZ,other
sub-NDARJD926JYZ,other
sub-NDARJE271DMC,other
sub-NDARJE496HC2,other
sub-NDARJE530VRG,other
sub-NDARJF322BN4,other
sub-NDARJF775DT9,other
sub-NDARJF792DKN,other
sub-NDARJG205FP7,other
sub-NDARJG359XAQ,other
sub-NDARJH239VMN,other
sub-NDARJH877CCT,other
sub-NDARJH99CWH_,other
sub-NDARJM024TJU,other
sub-NDARJM036PVX,other
sub-NDARJN306RU3,other
sub-NDARJN489YT4,other
sub-NDARJN531EN3,other
sub-NDARJR464LTH,other
sub-NDARJT173MR1,other
sub-NDARJT340MFX,other
sub-NDARJU025FPW,other
sub-NDARJU056AA1,other
sub-NDARJU203WTN,other
sub-NDARJU307YHB,other
sub-NDARJU625HXU,other
sub-NDARJV031NFT,other
sub-NDARJV062AM0,other
sub-NDARJV286BEZ,other
sub-NDARJW594WEG,other
sub-NDARJW697MYZ,other
sub-NDARJX386ZLZ,other
sub-NDARJX426LHN,other
sub-NDARJX881JNG,other
sub-NDARJY676CWZ,other
sub-NDARJZ919LPL,other
sub-NDARKA081ZA4,other
sub-NDARKB421MTA,other
sub-NDARKB547TCK,other
sub-NDARKB607GAW,other
sub-NDARKB628HE7,other
sub-NDARKB845GV0,other
sub-NDARKD015MKF,other
sub-NDARKD211JC1,other
sub-NDARKE944XTL,other
sub-NDARKF108LAN,other
sub-NDARKF363RN1,other
sub-NDARKF428LJD,other
sub-NDARKF615JNZ,other
sub-NDARKG039BFE,other
sub-NDARKG294DZN,other
sub-NDARKG546AT9,other
sub-NDARKG636DKZ,other
sub-NDARKH063ACP,other
sub-NDARKH328WJX,other
sub-NDARKH645ECH,other
sub-NDARKJ580YYE,other
sub-NDARKK153GT7,other
sub-NDARKK732JW3,other
sub-NDARKL156NJG,other
sub-NDARKM389KBK,other
sub-NDARKM957AAZ,other
sub-NDARKN033YUR,other
sub-NDARKN288JXH,other
sub-NDARKN520GGD,other
sub-NDARKN836ZRB,other
sub-NDARKP053GCC,other
sub-NDARKP905DL4,other
sub-NDARKR941NAL,other
sub-NDARKT721PNV,other
sub-NDARKT857AW0,other
sub-NDARKU346FDY,other
sub-NDARKV041AKE,other
sub-NDARKV044LWW,other
sub-NDARKV127HLP,other
sub-NDARKX486BDT,other
sub-NDARKX488MG0,other
sub-NDARKZ060LJ6,other
sub-NDARKZ213MD1,other
sub-NDARKZ632KF0,other
sub-NDARKZ845BYU,other
sub-NDARLB291FBV,other
sub-NDARLB547HJD,other
sub-NDARLC324FAR,other
sub-NDARLC521DW5,other
sub-NDARLC655XBR,other
sub-NDARLE263KAV,other
sub-NDARLE848KEE,other
sub-NDARLF102RJF,other
sub-NDARLG564TMD,other
sub-NDARLG912RWN,other
sub-NDARLG943AAN,other
sub-NDARLJ273GX0,other
sub-NDARLJ355VAG,other
sub-NDARLJ728JY2,other
sub-NDARLK044JLT,other
sub-NDARLL790WLF,other
sub-NDARLL888FG8,other
sub-NDARLL968KK1,other
sub-NDARLM194CEN,other
sub-NDARLM302HNW,other
sub-NDARLN749FML,other
sub-NDARLP807XR6,other
sub-NDARLR765LA3,other
sub-NDARLT216FTN,other
sub-NDARLT382YJE,other
sub-NDARLT681HXG,other
sub-NDARLU529MP7,other
sub-NDARLV046ETD,other
sub-NDARLW237DHM,other
sub-NDARLW243TJB,other
sub-NDARLX889PZ4,other
sub-NDARLY030ZBG,other
sub-NDARLY125HMB,other
sub-NDARLY428YLM,other
sub-NDARLZ497JN3,other
sub-NDARMB273TED,other
sub-NDARMB604XHJ,other
sub-NDARMB857WG7,other
sub-NDARMC337WLJ,other
sub-NDARMD567YYM,other
sub-NDARMD790HJE,other
sub-NDARME563AK8,other
sub-NDARME604RE0,other
sub-NDARMF230VEX,other
sub-NDARMG090MYV,other
sub-NDARMG093FD5,other
sub-NDARMG196KV4,other
sub-NDARMG455ENC,other
sub-NDARMH475HR3,other
sub-NDARMH488KY0,other
sub-NDARMH954EYB,other
sub-NDARMJ699RJN,other
sub-NDARMJ877UTP,other
sub-NDARMJ977NCQ,other
sub-NDARMK737WZE,other
sub-NDARMK825WAX,other
sub-NDARML179PAA,other
sub-NDARML797UKR,other
sub-NDARMM486AJU,other
sub-NDARMN151FLL,other
sub-NDARMN802MG9,other
sub-NDARMP372CG5,other
sub-NDARMP374TUF,other
sub-NDARMP494MYD,other
sub-NDARMR147CL2,other
sub-NDARMT473DZV,other
sub-NDARMU461UD4,other
sub-NDARMU518TVN,other
sub-NDARMW194CAF,other
sub-NDARMW825WJD,other
sub-NDARMX051HZM,other
sub-NDARMX215YPN,other
sub-NDARMX438FRB,other
sub-NDARMX591FJ6,other
sub-NDARMY291ZPH,other
sub-NDARMZ140BHF,other
sub-NDARMZ477MNH,other
sub-NDARMZ981YUK,other
sub-NDARNA354MGW,other
sub-NDARNA410EUD,other
sub-NDARNB440UE4,other
sub-NDARNC702UCR,other
sub-NDARNC834UF7,other
sub-NDARNC922JEK,other
sub-NDARND321KZ4,other
sub-NDARND322RL1,other
sub-NDARND831WWN,other
sub-NDARND929PAZ,other
sub-NDARNE226BBV,other
sub-NDARNE663NN4,other
sub-NDARNE823ECA,other
sub-NDARNE983VNP,other
sub-NDARNF088JWY,other
sub-NDARNG083RE5,other
sub-NDARNG430NEY,other
sub-NDARNH147WGN,other
sub-NDARNH743HW0,other
sub-NDARNH968EZN,other
sub-NDARNJ001PJN,other
sub-NDARNJ182UDU,other
sub-NDARNJ193AT4,other
sub-NDARNJ994CMR,other
sub-NDARNK322PHW,other
sub-NDARNK740ZVM,other
sub-NDARNK751CGL,other
sub-NDARNK810AJA,other
sub-NDARNK887LAG,other
sub-NDARNK996KNK,other
sub-NDARNL225GV2,other
sub-NDARNL926VB7,other
sub-NDARNN300TKZ,other
sub-NDARNN429YY1,other
sub-NDARNP392ZD6,other
sub-NDARNP836NUY,other
sub-NDARNP918ZU0,other
sub-NDARNP921JTV,other
sub-NDARNR106ZB5,other
sub-NDARNR734JZH,other
sub-NDARNR982XH9,other
sub-NDARNT093XMB,other
sub-NDARNT093ZD5,other
sub-NDARNT113YX7,other
sub-NDARNT317BE2,other
sub-NDARNT686CZV,other
sub-NDARNU279NG5,other
sub-NDARNU778LNN,other
sub-NDARNV332JF2,other
sub-NDARNV483VWB,other
sub-NDARNV570NHA,other
sub-NDARNW060XMB,other
sub-NDARNW722WW0,other
sub-NDARNW945XLL,other
sub-NDARNW983TY8,other
sub-NDARNX125KJ1,other
sub-NDARNX672HNV,other
sub-NDARNY459YNU,other
sub-NDARNZ015EK8,other
sub-NDARNZ504BUW,other
sub-NDARPA088AVA,other
sub-NDARPA224ETX,other
sub-NDARPA473YRB,other
sub-NDARPA611JJ0,other
sub-NDARPA874UG4,other
sub-NDARPB044UXA,other
sub-NDARPB618KCD,other
sub-NDARPB871EXV,other
sub-NDARPC145CA4,other
sub-NDARPC404YEK,other
sub-NDARPC418NZL,other
sub-NDARPC715KVG,other
sub-NDARPD773EZD,other
sub-NDARPD891BX3,other
sub-NDARPE460HAN,other
sub-NDARPF042DD2,other
sub-NDARPF296DA0,other
sub-NDARPF683XWV,other
sub-NDARPF703MNB,other
sub-NDARPG305ET7,other
sub-NDARPH152GU1,other
sub-NDARPH567WUB,other
sub-NDARPJ385WJ0,other
sub-NDARPJ502KEH,other
sub-NDARPJ610JCU,other
sub-NDARPJ713LGL,other
sub-NDARPJ887HFB,other
sub-NDARPL598MVU,other
sub-NDARPM492VE0,other
sub-NDARPM513BJE,other
sub-NDARPP560ZBT,other
sub-NDARPP661TDB,other
sub-NDARPR070BLE,other
sub-NDARPR537HF5,other
sub-NDARPR667UE2,other
sub-NDARPT670LAY,other
sub-NDARPT972NYX,other
sub-NDARPV535ZUB,other
sub-NDARPW687KH0,other
sub-NDARPX937VA1,other
sub-NDARPY458LTR,other
sub-NDARPY908BEE,other
sub-NDARPZ143BKT,other
sub-NDARPZ880GDL,other
sub-NDARRA282PHP,other
sub-NDARRA321UKA,other
sub-NDARRA357DFW,other
sub-NDARRA428WB9,other
sub-NDARRA783NVT,other
sub-NDARRA981BCM,other
sub-NDARRB561VCP,other
sub-NDARRB926HKU,other
sub-NDARRC935ATQ,other
sub-NDARRC982ZE9,other
sub-NDARRE001UFD,other
sub-NDARRE672MAD,other
sub-NDARRE947TEF,other
sub-NDARRG269ML2,other
sub-NDARRG346DNL,other
sub-NDARRG715JGY,other
sub-NDARRH251ECK,other
sub-NDARRH937RN8,other
sub-NDARRJ701KUA,other
sub-NDARRK081WVD,other
sub-NDARRK370YFX,other
sub-NDARRL487DFW,other
sub-NDARRM158VXD,other
sub-NDARRM347FHQ,other
sub-NDARRM599ZT7,other
sub-NDARRM725BRV,other
sub-NDARRM938ZXD,other
sub-NDARRM977YKB,other
sub-NDARRN444MJG,other
sub-NDARRP534RXW,other
sub-NDARRP576CJV,other
sub-NDARRP609JH2,other
sub-NDARRR006TUL,other
sub-NDARRR026PFF,other
sub-NDARRR307WCZ,other
sub-NDARRR45VUU,other
sub-NDARRR595RJX,other
sub-NDARRR735VMN,other
sub-NDARRR799XY1,other
sub-NDARRR813CY6,other
sub-NDARRV217VTA,other
sub-NDARRV812VR2,other
sub-NDARRV877ERG,other
sub-NDARRW475MPT,other
sub-NDARRW706LUK,other
sub-NDARRW974PEF,other
sub-NDARRY714GEY,other
sub-NDARRY839KJH,other
sub-NDARRZ005NJA,other
sub-NDARRZ145TFN,other
sub-NDARRZ723GEV,other
sub-NDARTA080YCE,other
sub-NDARTA246MJP,other
sub-NDARTB203DU7,other
sub-NDARTB661TVR,other
sub-NDARTC795CR3,other
sub-NDARTC977ZHY,other
sub-NDARTD290AY0,other
sub-NDARTD563EDE,other
sub-NDARTD906GX0,other
sub-NDARTE115TAE,other
sub-NDARTE793KF1,other
sub-NDARTG053KTE,other
sub-NDARTG130BPP,other
sub-NDARTG686JTF,other
sub-NDARTG937LDA,other
sub-NDARTH612TJM,other
sub-NDARTH616MKF,other
sub-NDARTJ522CPQ,other
sub-NDARTJ688JYL,other
sub-NDARTK969AKA,other
sub-NDARTL084LYM,other
sub-NDARTL683HKJ,other
sub-NDARTL982EJN,other
sub-NDARTL996MBB,other
sub-NDARTN606LCB,other
sub-NDARTN740WKD,other
sub-NDARTN900JM5,other
sub-NDARTP149FG8,other
sub-NDARTP158ZDN,other
sub-NDARTP270UAV,other
sub-NDARTP766CPJ,other
sub-NDARTR157NPQ,other
sub-NDARTR464DCR,other
sub-NDARTR611BW2,other
sub-NDARTR732NLQ,other
sub-NDARTT124TEE,other
sub-NDARTT517NTJ,other
sub-NDARTT728XK8,other
sub-NDARTT795NJ1,other
sub-NDARTU280GKF,other
sub-NDARTU319KKP,other
sub-NDARTU407HDD,other
sub-NDARTV034RN2,other
sub-NDARTV450MXY,other
sub-NDARTW236CXU,other
sub-NDARTW884VW7,other
sub-NDARTX191DVA,other
sub-NDARTX396KGM,other
sub-NDARTX658EUV,other
sub-NDARTY514CK9,other
sub-NDARTY636BWN,other
sub-NDARTY815JXG,other
sub-NDARTZ495EMX,other
sub-NDARTZ842BUW,other
sub-NDARTZ901LDK,other
sub-NDARUA052GW0,other
sub-NDARUA060NMD,other
sub-NDARUA113RTQ,other
sub-NDARUA179VDR,other
sub-NDARUA550AGL,other
sub-NDARUA735WEY,other
sub-NDARUD080EVG,other
sub-NDARUF453RM3,other
sub-NDARUF737BTA,other
sub-NDARUG361GT4,other
sub-NDARUG859NKB,other
sub-NDARUG904PGE,other
sub-NDARUN771DPA,other
sub-NDARUP003YKU,other
sub-NDARUP163BR1,other
sub-NDARUP748AXG,other
sub-NDARUR801DK4,other
sub-NDARUR994UJU,other
sub-NDARUT650LBR,other
sub-NDARUV147TDD,other
sub-NDARUV325NN4,other
sub-NDARUW981DDA,other
sub-NDARUX315PE6,other
sub-NDARUX340FYC,other
sub-NDARUZ056AC3,other
sub-NDARUZ795GRG,other
sub-NDARVA014UAX,other
sub-NDARVA555EP6,other
sub-NDARVB857GDR,other
sub-NDARVC494WBA,other
sub-NDARVC673HFA,other
sub-NDARVC711ZK0,other
sub-NDARVC745RL3,other
sub-NDARVD021EUX,other
sub-NDARVD495YP9,other
sub-NDARVD543CMZ,other
sub-NDARVE196JP0,other
sub-NDARVE980WU5,other
sub-NDARVF012BD2,other
sub-NDARVF308CN8,other
sub-NDARVF544YP6,other
sub-NDARVG246LT7,other
sub-NDARVG537UV2,other
sub-NDARVG641YGK,other
sub-NDARVG958MHH,other
sub-NDARVG979XHE,other
sub-NDARVH032PDR,other
sub-NDARVJ092HD6,other
sub-NDARVJ405CCN,other
sub-NDARVK720WZ0,other
sub-NDARVK816LWQ,other
sub-NDARVL498YX5,other
sub-NDARVL789JCG,other
sub-NDARVL878GRA,other
sub-NDARVM741LKK,other
sub-NDARVN648NN2,other
sub-NDARVN715MJ9,other
sub-NDARVN899GWP,other
sub-NDARVP786JZU,other
sub-NDARVP838PLC,other
sub-NDARVR116KG5,other
sub-NDARVT044YV1,other
sub-NDARVT072LX2,other
sub-NDARVT231LJG,other
sub-NDARVT330ERW,other
sub-NDARVU320XJZ,other
sub-NDARVU664ZV9,other
sub-NDARVV916MKN,other
sub-NDARVW149TEA,other
sub-NDARVX011WBQ,other
sub-NDARVY378DFK,other
sub-NDARVY824VHT,other
sub-NDARVZ141NAG,other
sub-NDARWA276AW0,other
sub-NDARWA509ZXG,other
sub-NDARWA570DNL,other
sub-NDARWB042HCE,other
sub-NDARWB511AZL,other
sub-NDARWB557CNH,other
sub-NDARWB778MGC,other
sub-NDARWB850HN9,other
sub-NDARWD984AWV,other
sub-NDARWE001EAY,other
sub-NDARWE145GN9,other
sub-NDARWE738CX3,other
sub-NDARWE850WRP,other
sub-NDARWF205BUM,other
sub-NDARWF422UK3,other
sub-NDARWG549LCF,other
sub-NDARWH129FHT,other
sub-NDARWJ109TDR,other
sub-NDARWJ204JF3,other
sub-NDARWJ450RMA,other
sub-NDARWK104FLX,other
sub-NDARWK117NYK,other
sub-NDARWK793VK4,other
sub-NDARWL423ZVA,other
sub-NDARWL486MKR,other
sub-NDARWL758PAM,other
sub-NDARWL785PP8,other
sub-NDARWM073AMM,other
sub-NDARWM090UAT,other
sub-NDARWM496PMZ,other
sub-NDARWM570TCX,other
sub-NDARWM737EM9,other
sub-NDARWM929URT,other
sub-NDARWM953LT0,other
sub-NDARWN037KCG,other
sub-NDARWP895YBF,other
sub-NDARWR127CML,other
sub-NDARWT137MWK,other
sub-NDARWU304CDL,other
sub-NDARWV826NEC,other
sub-NDARWX279YLQ,other
sub-NDARWY366DCG,other
sub-NDARWY823JRP,other
sub-NDARWZ865ZMK,other
sub-NDARWZ866BBM,other
sub-NDARXD331HA0,other
sub-NDARXE069UU8,other
sub-NDARXE193CZ1,other
sub-NDARXF134TM8,other
sub-NDARXF523JGA,other
sub-NDARXG035ZVM,other
sub-NDARXG069RF9,other
sub-NDARXG075MLU,other
sub-NDARXG530ZEL,other
sub-NDARXG697BTX,other
sub-NDARXG807CLA,other
sub-NDARXH678RBZ,other
sub-NDARXJ125LXZ,other
sub-NDARXJ138BW6,other
sub-NDARXJ411DTG,other
sub-NDARXJ452HAJ,other
sub-NDARXJ540FP7,other
sub-NDARXJ897EZX,other
sub-NDARXL836REB,other
sub-NDARXL865UJM,other
sub-NDARXN509UNF,other
sub-NDARXP136ZCT,other
sub-NDARXP325YLV,other
sub-NDARXR136DGD,other
sub-NDARXR566CDR,other
sub-NDARXT186EAF,other
sub-NDARXT256RNV,other
sub-NDARXT727MD7,other
sub-NDARXU245XZV,other
sub-NDARXW045HPY,other
sub-NDARXW378MZG,other
sub-NDARXW629GHA,other
sub-NDARXX743KUB,other
sub-NDARXX997DAL,other
sub-NDARXZ111JBU,other
sub-NDARXZ814GH3,other
sub-NDARXZ902NFM,other
sub-NDARYA503XVQ,other
sub-NDARYA984CGJ,other
sub-NDARYB099EL3,other
sub-NDARYB401CDX,other
sub-NDARYC098BPV,other
sub-NDARYC243UW5,other
sub-NDARYD651ZJD,other
sub-NDARYE131DBX,other
sub-NDARYE291NVZ,other
sub-NDARYE405NK0,other
sub-NDARYE527MEB,other
sub-NDARYE576WR6,other
sub-NDARYF463RKF,other
sub-NDARYF699FW0,other
sub-NDARYG391PMU,other
sub-NDARYG819TE6,other
sub-NDARYG874KEA,other
sub-NDARYH166HTH,other
sub-NDARYH419LPB,other
sub-NDARYH603BDN,other
sub-NDARYH700VKW,other
sub-NDARYK657ZLC,other
sub-NDARYK710FRY,other
sub-NDARYL343UEZ,other
sub-NDARYL443NG6,other
sub-NDARYL915MB0,other
sub-NDARYM063XB8,other
sub-NDARYM283VUR,other
sub-NDARYM589RP1,other
sub-NDARYN095ZBC,other
sub-NDARYN120UPB,other
sub-NDARYN281WDA,other
sub-NDARYN805MWX,other
sub-NDARYP613ZK5,other
sub-NDARYR065LFD,other
sub-NDARYT269WAP,other
sub-NDARYT332LMM,other
sub-NDARYT363PFD,other
sub-NDARYU719EPL,other
sub-NDARYU737PY0,other
sub-NDARYV676EVD,other
sub-NDARYV898GYA,other
sub-NDARYW350ERX,other
sub-NDARYW622BCK,other
sub-NDARYX566WRJ,other
sub-NDARYY670UC8,other
sub-NDARYY676GUW,other
sub-NDARYY905EP1,other
sub-NDARZA151EU8,other
sub-NDARZA183DDY,other
sub-NDARZB345GKD,other
sub-NDARZD244LA6,other
sub-NDARZE870DFF,other
sub-NDARZF216KYX,other
sub-NDARZF233VF5,other
sub-NDARZF292VZA,other
sub-NDARZF585CBC,other
sub-NDARZF602KU6,other
sub-NDARZG236AUT,other
sub-NDARZG623FYX,other
sub-NDARZH011ULQ,other
sub-NDARZK167JPH,other
sub-NDARZK709KEY,other
sub-NDARZK746YR8,other
sub-NDARZK753WGR,other
sub-NDARZK880ZRC,other
sub-NDARZK891FTB,other
sub-NDARZL070VTF,other
sub-NDARZM580BG2,other
sub-NDARZM877DMC,other
sub-NDARZM949ANW,other
sub-NDARZN501NFF,other
sub-NDARZN702ECL,other
sub-NDARZP209JEG,other
sub-NDARZP599GRG,other
sub-NDARZR022UDZ,other
sub-NDARZR881BWX,other
sub-NDARZU279XR3,other
sub-NDARZU391KB0,other
sub-NDARZU438ZZQ,other
sub-NDARZU576KZD,other
sub-NDARZU897CF7,other
sub-NDARZV749GAP,other
sub-NDARZV983XK9,other
sub-NDARZW262ZLV,other
sub-NDARZW619BDL,other
sub-NDARZW651DEN,other
sub-NDARZW887LHX,other
sub-NDARZX163EWC,other
sub-NDARZX427GXT,other
sub-NDARZX668UEP,other
sub-NDARZY134GCV,other
sub-NDARZY592NMU,other
sub-NDARZY805HRT,other
sub-NDARZZ810LVF,other
sub-NDARAA408JMA,R12
sub-NDARAB634CP7,R12
sub-NDARAE245YC7,R12
sub-NDARAG959XTG,R12
sub-NDARAH276NPP,R12
sub-NDARAM170JXG,R12
sub-NDARAP654FVP,R12
sub-NDARAR841XX5,R12
sub-NDARAT876TZH,R12
sub-NDARAU513KLB,R12
sub-NDARAV021BGC,R12
sub-NDARAV160YUL,R12
sub-NDARAX256WAC,R12
sub-NDARAX310KGP,R12
sub-NDARAX700TR4,R12
sub-NDARAY581YVJ,R12
sub-NDARAZ370YRF,R12
sub-NDARBC072ZTZ,R12
sub-NDARBD681AAN,R12
sub-NDARBE052JRG,R12
sub-NDARBG014EZW,R12
sub-NDARBG672ZAY,R12
sub-NDARBK051RPR,R12
sub-NDARBK887DTY,R12
sub-NDARBT041ZVD,R12
sub-NDARBU536MBB,R12
sub-NDARBU638RCC,R12
sub-NDARBV174WZW,R12
sub-NDARBV702GXD,R12
sub-NDARBY526RLB,R12
sub-NDARCA900TPD,R12
sub-NDARCB955UGN,R12
sub-NDARCC489EJG,R12
sub-NDARCD303NCU,R12
sub-NDARCE396XJC,R12
sub-NDARCH556DM5,R12
sub-NDARCH706VKG,R12
sub-NDARCJ372MF0,R12
sub-NDARCK338GYD,R12
sub-NDARCL431HGF,R12
sub-NDARCL936UBX,R12
sub-NDARCM861RWX,R12
sub-NDARCP003NM8,R12
sub-NDARCR436HL3,R12
sub-NDARCT688XY8,R12
sub-NDARCU334XGH,R12
sub-NDARCU939PDG,R12
sub-NDARCV271ZWR,R12
sub-NDARCX275WX1,R12
sub-NDARCX563TDZ,R12
sub-NDARCZ259CBP,R12
sub-NDARDA249WR2,R12
sub-NDARDE253APN,R12
sub-NDARDE432HL7,R12
sub-NDARDF633WZH,R12
sub-NDARDF655GF2,R12
sub-NDARDG153PYN,R12
sub-NDARDL605EPP,R12
sub-NDARDM490UUQ,R12
sub-NDARDN464KAR,R12
sub-NDARDN829VXQ,R12
sub-NDARDP133RHF,R12
sub-NDARDT501GJR,R12
sub-NDARDU912NH6,R12
sub-NDARDV402HAG,R12
sub-NDARDX744RWP,R12
sub-NDARED914ZXC,R12
sub-NDAREE512AAT,R12
sub-NDAREK856CL2,R12
sub-NDAREL052YBF,R12
sub-NDAREL747HU0,R12
sub-NDAREN271CMZ,R12
sub-NDAREN375UL1,R12
sub-NDAREP646ZG1,R12
sub-NDAREX063EMH,R12
sub-NDAREX420NW4,R12
sub-NDAREY465EEQ,R12
sub-NDAREZ293FKX,R12
sub-NDARFA106HC3,R12
sub-NDARFD818MHL,R12
sub-NDARFG523MRR,R12
sub-NDARFG948LTC,R12
sub-NDARFK781FVV,R12
sub-NDARFM001DJT,R12
sub-NDARFM308VFM,R12
sub-NDARFM804CCN,R12
sub-NDARFP099KKE,R12
sub-NDARFU913PUN,R12
sub-NDARFW850UPV,R12
sub-NDARFY273LAN,R12
sub-NDARGD557ERJ,R12
sub-NDARGE263FL2,R12
sub-NDARGE544ANE,R12
sub-NDARGH483FYP,R12
sub-NDARGH998HWT,R12
sub-NDARGJ290VBV,R12
sub-NDARGJ629XYW,R12
sub-NDARGL082KKM,R12
sub-NDARGM013VA6,R12
sub-NDARGN677GZA,R12
sub-NDARGP802JFT,R12
sub-NDARGZ538GPC,R12
sub-NDARHC796UK7,R12
sub-NDARHE325RDE,R12
sub-NDARHE344VG3,R12
sub-NDARHF049TYW,R12
sub-NDARHF971MRJ,R12
sub-NDARHG121UWG,R12
sub-NDARHL007LNG,R12
sub-NDARHU002XXQ,R12
sub-NDARHU274MFC,R12
sub-NDARHU667LFJ,R12
sub-NDARHX444JBZ,R12
sub-NDARHX810LFM,R12
sub-NDARHY485CGE,R12
sub-NDARJA084GH1,R12
sub-NDARJA656KEL,R12
sub-NDARJA908VR3,R12
sub-NDARJB316JYA,R12
sub-NDARJB469PKH,R12
sub-NDARJB706ML9,R12
sub-NDARJD209FR6,R12
sub-NDARJG963EN3,R12
sub-NDARJH611URF,R12
sub-NDARJM821GT3,R12
sub-NDARJN021ACG,R12
sub-NDARJN572MH0,R12
sub-NDARJT708PRT,R12
sub-NDARJT735TBT,R12
sub-NDARJT898XFP,R12
sub-NDARJT919AGB,R12
sub-NDARJX241BET,R12
sub-NDARJX281MB6,R12
sub-NDARKA137FMR,R12
sub-NDARKA639VY2,R12
sub-NDARKB007HRH,R12
sub-NDARKB505WK2,R12
sub-NDARKB797MGR,R12
sub-NDARKC771CAT,R12
sub-NDARKD633HLD,R12
sub-NDARKE935GNU,R12
sub-NDARKJ237PC1,R12
sub-NDARKJ645MR7,R12
sub-NDARKK548UXW,R12
sub-NDARKK665GC9,R12
sub-NDARKP572NNC,R12
sub-NDARKR676BVB,R12
sub-NDARKT854CKY,R12
sub-NDARKV002ABE,R12
sub-NDARKY156HZQ,R12
sub-NDARLA605AUE,R12
sub-NDARLB226BHT,R12
sub-NDARLB355NBE,R12
sub-NDARLB583HFU,R12
sub-NDARLG292ANV,R12
sub-NDARLJ808GWT,R12
sub-NDARLK209LAR,R12
sub-NDARLM193AN5,R12
sub-NDARLM287VZ9,R12
sub-NDARLP687NXT,R12
sub-NDARLR078GUL,R12
sub-NDARLR811ABJ,R12
sub-NDARLU018MNV,R12
sub-NDARLU924KZ1,R12
sub-NDARLV267GLZ,R12
sub-NDARLV388VLU,R12
sub-NDARLW141KCB,R12
sub-NDARLX113UX2,R12
sub-NDARLY404AT0,R12
sub-NDARMC098RWA,R12
sub-NDARMD472JPD,R12
sub-NDARMD968NG6,R12
sub-NDARME070UY0,R12
sub-NDARME353RCF,R12
sub-NDARME881TTR,R12
sub-NDARMF860RFV,R12
sub-NDARMH607TBW,R12
sub-NDARMH835BVW,R12
sub-NDARMJ391FA7,R12
sub-NDARMM883AKG,R12
sub-NDARMR182HX3,R12
sub-NDARMV141ATL,R12
sub-NDARMX705VWY,R12
sub-NDARMX900YT7,R12
sub-NDARMY680URF,R12
sub-NDARMZ631GVY,R12
sub-NDARNC716ZZ0,R12
sub-NDARNG792YGE,R12
sub-NDARNH808NUU,R12
sub-NDARNK157VFZ,R12
sub-NDARNL140GMH,R12
sub-NDARNL778FNY,R12
sub-NDARNM033ZGL,R12
sub-NDARNM612JC1,R12
sub-NDARNP440GEN,R12
sub-NDARNU171UZM,R12
sub-NDARNY325WWL,R12
sub-NDARPA193RJR,R12
sub-NDARPA588ELA,R12
sub-NDARPA837BMM,R12
sub-NDARPB186VFF,R12
sub-NDARPC602MH8,R12
sub-NDARPE073VRC,R12
sub-NDARPF246YW9,R12
sub-NDARPF685LFK,R12
sub-NDARPG323TJX,R12
sub-NDARPG836PWJ,R12
sub-NDARPJ242AEW,R12
sub-NDARPK382CJE,R12
sub-NDARPT628XJY,R12
sub-NDARRC913TGF,R12
sub-NDARRD049JBW,R12
sub-NDARRE748ABB,R12
sub-NDARRG932VY9,R12
sub-NDARRK344CBP,R12
sub-NDARRK677MEX,R12
sub-NDARRK924TXM,R12
sub-NDARRL539CFK,R12
sub-NDARRM101HTX,R12
sub-NDARRM546UE6,R12
sub-NDARRU798JJE,R12
sub-NDARRW992LA5,R12
sub-NDARRZ416JNT,R12
sub-NDARTA315UTZ,R12
sub-NDARTA421ECP,R12
sub-NDARTA658MAU,R12
sub-NDARTB684URJ,R12
sub-NDARTN385XB2,R12
sub-NDARTP117MFZ,R12
sub-NDARTP360FA8,R12
sub-NDARTR194XG1,R12
sub-NDARTU613JPA,R12
sub-NDARTU722UV3,R12
sub-NDARTX042KFJ,R12
sub-NDARTX159EKA,R12
sub-NDARTY633WNU,R12
sub-NDARUF583HPJ,R12
sub-NDARUJ393MLB,R12
sub-NDARUM504ZMX,R12
sub-NDARUM615YTX,R12
sub-NDARUR715AU1,R12
sub-NDARUR867FT8,R12
sub-NDARUU127KGG,R12
sub-NDARUU972YP5,R12
sub-NDARUZ062TR7,R12
sub-NDARUZ436LDE,R12
sub-NDARVE660EDT,R12
sub-NDARVF993JYD,R12
sub-NDARVG441WR4,R12
sub-NDARVL005LNC,R12
sub-NDARVL016JY5,R12
sub-NDARVL173RVX,R12
sub-NDARVL515DXJ,R12
sub-NDARVL845HTZ,R12
sub-NDARVV405XEK,R12
sub-NDARVX405YW4,R12
sub-NDARVY677GMY,R12
sub-NDARWC871NVV,R12
sub-NDARWE883MZG,R12
sub-NDARWF755EAP,R12
sub-NDARWH621NPQ,R12
sub-NDARWJ500KB0,R12
sub-NDARWJ953ET6,R12
sub-NDARWN716ZHB,R12
sub-NDARWU220LTU,R12
sub-NDARWU967KZZ,R12
sub-NDARWW192XD4,R12
sub-NDARWW255YVV,R12
sub-NDARWY111EZP,R12
sub-NDARWZ200JMY,R12
sub-NDARXD533AD2,R12
sub-NDARXF294VW8,R12
sub-NDARXH258BPV,R12
sub-NDARXH781ECX,R12
sub-NDARXJ276RAB,R12
sub-NDARXN408NTU,R12
sub-NDARXT395LXA,R12
sub-NDARXT793EGH,R12
sub-NDARXU726PJK,R12
sub-NDARXU991EN2,R12
sub-NDARXV571FAR,R12
sub-NDARXV730DZ8,R12
sub-NDARXX473KC4,R12
sub-NDARXX854CJ9,R12
sub-NDARXY467BKN,R12
sub-NDARXY545VZG,R12
sub-NDARXZ483WYQ,R12
sub-NDARYA871AVK,R12
sub-NDARYD034VHM,R12
sub-NDARYD337YKP,R12
sub-NDARYE066TFW,R12
sub-NDARYE572ZCA,R12
sub-NDARYF940LPC,R12
sub-NDARYK906KF0,R12
sub-NDARYL950DBT,R12
sub-NDARYM328NWA,R12
sub-NDARYP207TKU,R12
sub-NDARYR926FV3,R12
sub-NDARYT112RZY,R12
sub-NDARYU003PUB,R12
sub-NDARYW598LYE,R12
sub-NDARZD915XRV,R12
sub-NDARZG173XE5,R12
sub-NDARZG660VB7,R12
sub-NDARZH220BVK,R12
sub-NDARZJ567AVT,R12
sub-NDARZL109NXE,R12
sub-NDARZM353LTP,R12
sub-NDARZM596RDP,R12
sub-NDARZN014RRW,R12
sub-NDARZW883MRK,R12
sub-NDARZX187CH9,R12
sub-NDARZY458TN1,R12
