participant_ID	Release
sub-NDARZH011UL	other
sub-NDARAD653RYE	other
sub-NDARAEZ493ZJ	other
sub-NDARCB959FYA	other
sub-NDARCG073G26	other
sub-NDARCV154DB9	other
sub-NDARDR634CNW	other
sub-NDARDX581FCD	other
 sub-NDARDZ322ZFC.tar.g	other
sub-NDAREF164ZVJ	other
sub-NDARFP976GXX	other
sub-NDARGC471KD1	other
sub-NDARHJ095EPP	other
sub-NDARJ257ZU2_	other
sub-NDARJB142EJ9	other
sub-NDARJC644YL7	other
sub-NDARJF775DT9	other
sub-NDARJH99CWH_	other
sub-NDARKK732JW3	other
sub-NDARLE848KEE	other
sub-NDARMH954EYB	other
sub-NDARNW983TY8	other
sub-NDARPB044UXA	other
sub-NDARRR45VUU	other
sub-NDARVT330ERW	other
sub-NDARVY824VHT	other
sub-NDARWM737EM9	other
sub-NDARXJ411DTG	other
sub-NDARYF699FW0	other
sub-NDARYG874KEA	other
sub-NDARZK753WGR	other
sub-NDARCH556DM5	R12
sub-NDARDA249WR2	R12
sub-NDARZM353LTP	R12
